Tt_reads;Tot_reads;Sample
0;16155;s001.index..CGAGAGTT.ATCGTACG.CLRSWSu1
8;22655;s002.index..CGAGAGTT.ACTATCTG.GBRSWSu1
0;24669;s003.index..ACGCTACT.ATCGTACG.SPRSWSu1
1;3561;s004.index..CGAGCGAC.ATCGTACG.WRSWSu1
0;26593;s005.index..TGAGTACG.ATCGTACG.WIRSWSu1
0;17955;s006.index..CTGCGTAG.ATCGTACG.CLRHZSu1
2;8108;s007.index..TAGTCTCC.ATCGTACG.GBRHZSu1
0;5997;s008.index..GACATAGT.ACTATCTG.SPRHZSu1
0;18087;s009.index..ACTCACTG.ATCGTACG.WRHZSu1
0;14386;s010.index..ACGCTACT.ACTATCTG.WIRHZSu1
0;31329;s011.index..TGAGTACG.ACTATCTG.WIDSWSu1
0;46519;s012.index..CTGCGTAG.ACTATCTG.PELSWSu1
2;6789;s013.index..CGAGAGTT.TAGCGAGT.SUSSWSu1
3;47071;s014.index..CGAGCGAC.ACTATCTG.RSPSWSu1
0;14346;s015.index..GACATAGT.TAGCGAGT.HKMSWSu1
0;36377;s016.index..ACGCTACT.TAGCGAGT.LNRSWSu1
0;25710;s017.index..GACATAGT.ATCGTACG.DWRHZSu1
0;11221;s018.index..ACTCACTG.ACTATCTG.PELHZSu1
0;50419;s019.index..ACTCACTG.TAGCGAGT.SUSHZSu1
0;13089;s020.index..TGAGTACG.TAGCGAGT.RSPSWSu1
5;15515;s021.index..TAGTCTCC.ACTATCTG.HKMHZSu1
3;42058;s022.index..CTGCGTAG.TAGCGAGT.LNRHZSu1
2897;18911;s023.index..TAGTCTCC.TAGCGAGT.WRSWSp2
874;31803;s024.index..CGAGCGAC.TAGCGAGT.WIDSWSp2
746;25420;s025.index..CGAGAGTT.CTGCGTGT.SPRSWSp2
4605;20210;s026.index..GACATAGT.CTGCGTGT.HAGSWSp2
0;17998;s027.index..ACGCTACT.CTGCGTGT.WRHZSp2
0;28473;s028.index..ACTCACTG.CTGCGTGT.WIRHZSp2
0;30144;s029.index..TGAGTACG.CTGCGTGT.SPRHZSp2
0;25685;s030.index..CTGCGTAG.CTGCGTGT.HAGHZSp2
1635;28495;s031.index..TAGTCTCC.CTGCGTGT.GBRSWSp2
620;32797;s032.index..CGAGCGAC.CTGCGTGT.CLRSWSp2
2;20007;s033.index..CGAGAGTT.TCATCGAG.GBRHZSp2
1;33373;s034.index..GACATAGT.TCATCGAG.CLRHZSp2
2859;21606;s035.index..ACGCTACT.TCATCGAG.SUSSWSp2
8530;84940;s036.index..ACTCACTG.TCATCGAG.LINSWSp2
696;83506;s037.index..TGAGTACG.TCATCGAG.SUSHZSp2
11;103247;s038.index..CTGCGTAG.TCATCGAG.LINHZSp2
5727;117853;s039.index..TAGTCTCC.TCATCGAG.HKMSWSp2
10764;128865;s040.index..CGAGCGAC.TCATCGAG.RSPSWSp2
4762;121549;s041.index..CGAGAGTT.CGTGAGTG.WIRSWSp2
18424;132459;s042.index..GACATAGT.CGTGAGTG.PELSWSp2
4;116155;s043.index..ACGCTACT.CGTGAGTG.HKMHZSp2
0;149972;s044.index..ACTCACTG.CGTGAGTG.WIDHZSp2
0;127458;s045.index..TGAGTACG.CGTGAGTG.PELHZSp2
9104;47713;s046.index..CTGCGTAG.CGTGAGTG.WRSWSu3
1913;36034;s047.index..TAGTCTCC.CGTGAGTG.WIRSWSu3
2504;83209;s048.index..CGAGCGAC.CGTGAGTG.SPRSWSu3
9667;80068;s049.index..CGAGAGTT.GGATATCT.HAGSWSu3
0;36999;s050.index..GACATAGT.GGATATCT.WRHZSu3
13;48203;s051.index..ACGCTACT.GGATATCT.WIRHZSu3
0;133144;s052.index..ACTCACTG.GGATATCT.SPRHZSu3
0;114220;s053.index..TGAGTACG.GGATATCT.HAGHZSu3
3279;313412;s054.index..CTGCGTAG.GGATATCT.GBRSWSu3
2545;243981;s055.index..TAGTCTCC.GGATATCT.CLRSWSu3
1952;246613;s056.index..CGAGCGAC.GGATATCT.LINSWSu3
3;188354;s057.index..CGAGAGTT.GACACCGT.GBRHZSu3
9;68251;s058.index..GACATAGT.GACACCGT.CLRHZSu3
0;30190;s059.index..ACGCTACT.GACACCGT.LINHZSu3
1028;97324;s060.index..ACTCACTG.GACACCGT.HKMSWSu3
807;101493;s061.index..TGAGTACG.GACACCGT.RSPSWSu3
43011;44476;s062.index..CTGCGTAG.GACACCGT.SUSSWSu3
1999;132902;s063.index..TAGTCTCC.GACACCGT.WIDSWSu3
2605;118570;s064.index..CGAGCGAC.GACACCGT.PELSWSu3
23;158011;s065.index..CGAGAGTT.CTACTATA.HKMHZSu3
28;239628;s066.index..GACATAGT.CTACTATA.RSPNBSu3
57730;180004;s067.index..ACGCTACT.CTACTATA.SUSHZSu3
37;121759;s068.index..ACTCACTG.CTACTATA.WIDNBSu3
27;130789;s069.index..TGAGTACG.CTACTATA.PELNBSu3
3;159;s070.index..CTGCGTAG.CTACTATA.NC
0;685;s071.index..CGAGAGTT.CGTTACTA.NC
